Page Name,Tab Name,Keywords,URL,City,State
Situational Awareness,Operating Picture,"situation, awareness, operation, picture, view, report, overview",https://experience.arcgis.com/experience/f0cdcfa1d08d48da97197c51c6e3169d/page/1-Situational-Awareness?views=Operating-Picture-,Miami,Florida
Situational Awareness,Weather Maps,,https://experience.arcgis.com/experience/f0cdcfa1d08d48da97197c51c6e3169d/page/1-Situational-Awareness?draft=true&views=Weather,,
Situational Awareness,Natl Hurricane Center,"hurricane, center, national, weather, storm, track, alert",https://experience.arcgis.com/experience/f0cdcfa1d08d48da97197c51c6e3169d/page/1-Situational-Awareness?views=National-Hurricane-Center,Miami,Florida
Situational Awareness,Tropical Altantic,,https://experience.arcgis.com/experience/f0cdcfa1d08d48da97197c51c6e3169d/page/1-Situational-Awareness?draft=true&views=Tropical-Atlantic-,,
Situational Awareness,Situational Awareness,"situation, awareness, report, view, overview, monitor, track ",https://experience.arcgis.com/experience/f0cdcfa1d08d48da97197c51c6e3169d/page/1-Situational-Awareness?views=Situational-Awareness,Miami,Florida
Situational Awareness,Flood Gauges,"weather, maps, forecast, radar, conditions, outlook, temp",https://experience.arcgis.com/experience/f0cdcfa1d08d48da97197c51c6e3169d/page/1-Situational-Awareness?draft=true&views=Flood-Gauges-,Miami,Florida
Preparedness,NF Community Prep,"preparedness, community, prep, NF, readiness, training, plan",https://experience.arcgis.com/experience/f0cdcfa1d08d48da97197c51c6e3169d/page/2-Preparedness,Miami,Florida
Trailer Warehouse,RIM Inventory Mgmt,"trailer, warehouse, inventory, management, RIM, stock, control",https://experience.arcgis.com/experience/f0cdcfa1d08d48da97197c51c6e3169d/page/3-Trailer-Warehouse-Locations-?views=Regional-Inventory-Management,Miami,Florida
Trailer Warehouse,ERV,"trailer, warehouse, ERV, emergency, response, vehicle, fleet",https://experience.arcgis.com/experience/f0cdcfa1d08d48da97197c51c6e3169d/page/3-Trailer-Warehouse-Locations-?views=Emergency-Response-Vehicles,Miami,Florida
Trailer Warehouse,Trailers,"trailer, warehouse, transport, storage, equipment, unit, load",https://experience.arcgis.com/experience/f0cdcfa1d08d48da97197c51c6e3169d/page/3-Trailer-Warehouse-Locations-?views=Trailers,Miami,Florida
Trailer Warehouse,Feeding Logistics,"trailer, warehouse, feeding, logistics, food, supply, distribution ",https://experience.arcgis.com/experience/f0cdcfa1d08d48da97197c51c6e3169d/page/3-Trailer-Warehouse-Locations-?views=Feeding-Logistics,Miami,Florida
Workforce & Training,Door,,https://experience.arcgis.com/experience/f0cdcfa1d08d48da97197c51c6e3169d/page/4-Workforce-%26-Training-?draft=true&views=SECAR-SitAware,,
Workforce & Training,Workforce,,https://experience.arcgis.com/experience/f0cdcfa1d08d48da97197c51c6e3169d/page/4-Workforce-%26-Training-?draft=true&views=SECAR-SitAware%2CWorkforce,,
Partnerships,Partnership Delivery,,https://experience.arcgis.com/experience/f0cdcfa1d08d48da97197c51c6e3169d/page/5-Partnerships-?draft=true&views=Door%2CSECAR-SitAware,,
Partnerships,Latino Engagement,,https://experience.arcgis.com/experience/f0cdcfa1d08d48da97197c51c6e3169d/page/5-Partnerships-?draft=true&views=Door%2CLatino-Engagement%2CSECAR-SitAware,,
Partnerships,CARTA,,https://experience.arcgis.com/experience/f0cdcfa1d08d48da97197c51c6e3169d/page/5-Partnerships-?draft=true&views=CARTA%2CDoor%2CSECAR-SitAware,,
Level 1-2 DAT,Level 1-2 Dashboard,,https://experience.arcgis.com/experience/f0cdcfa1d08d48da97197c51c6e3169d/page/6-Level-1-2-Response-DAT-?draft=true&views=CARTA%2CDoor%2CSECAR-SitAware,,
Level 1-2 DAT,DAT Response Frequency,,https://experience.arcgis.com/experience/f0cdcfa1d08d48da97197c51c6e3169d/page/6-Level-1-2-Response-DAT-?draft=true&views=CARTA%2CDAT-Response-Frequency%2CDoor%2CSECAR-SitAware,,
Level 1-2 DAT,RC Respond,,https://experience.arcgis.com/experience/f0cdcfa1d08d48da97197c51c6e3169d/page/6-Level-1-2-Response-DAT-?draft=true&views=CARTA%2CDoor%2CRC-Respond-%2CSECAR-SitAware,,
Level 1-2 DAT,HF Regional Dashboard,,https://experience.arcgis.com/experience/f0cdcfa1d08d48da97197c51c6e3169d/page/6-Level-1-2-Response-DAT-?draft=true&views=CARTA%2CDoor%2CHome-Fire-Reg-Dashboard--%2CSECAR-SitAware,,
Level 1-2 DAT,Home Fire Trend Report,,https://experience.arcgis.com/experience/f0cdcfa1d08d48da97197c51c6e3169d/page/6-Level-1-2-Response-DAT-?draft=true&views=CARTA%2CDoor%2CHome-Fire-Trend-Report%2CSECAR-SitAware,,
Level 1-2 DAT,FD Engage Dashboard,,https://experience.arcgis.com/experience/f0cdcfa1d08d48da97197c51c6e3169d/page/6-Level-1-2-Response-DAT-?draft=true&views=CARTA%2CDoor%2CFD-Engage-Dashboard%2CSECAR-SitAware,,
Weather,Hurricane Center,,https://experience.arcgis.com/experience/f0cdcfa1d08d48da97197c51c6e3169d/page/8-Weather-?views=HF-Regional-Dashboard-%2CHome-Fire-Reg-Dashboard--%2CHurricane-Center-,,
Weather,National Weather,,https://experience.arcgis.com/experience/f0cdcfa1d08d48da97197c51c6e3169d/page/8-Weather-?views=HF-Regional-Dashboard-%2CHome-Fire-Reg-Dashboard--%2CNational-Weather-,,
Weather,Storm Prediction,,https://experience.arcgis.com/experience/f0cdcfa1d08d48da97197c51c6e3169d/page/8-Weather-?views=HF-Regional-Dashboard-%2CHome-Fire-Reg-Dashboard--%2CStorm-Prediction-,,
Weather,River Gauges,,https://experience.arcgis.com/experience/f0cdcfa1d08d48da97197c51c6e3169d/page/8-Weather-?views=HF-Regional-Dashboard-%2CHome-Fire-Reg-Dashboard--%2CUSGS-Flood-Inundation,,
Weather,USGS Flood,,https://experience.arcgis.com/experience/f0cdcfa1d08d48da97197c51c6e3169d/page/8-Weather-?views=HF-Regional-Dashboard-%2CHome-Fire-Reg-Dashboard--%2CRiver-Gauges-,,
Community Data,Demographics,,https://experience.arcgis.com/experience/f0cdcfa1d08d48da97197c51c6e3169d/page/9-Community-Data-Analysis-?views=Demographics-%2CHF-Regional-Dashboard-%2CHome-Fire-Reg-Dashboard--%2CRiver-Gauges-,,
Community Data,Military and Veterans,,https://experience.arcgis.com/experience/f0cdcfa1d08d48da97197c51c6e3169d/page/9-Community-Data-Analysis-?views=HF-Regional-Dashboard-%2CHome-Fire-Reg-Dashboard--%2CMilitary-and-Veterans%2CRiver-Gauges-,,
Community Data,FEMA RAPT,,https://experience.arcgis.com/experience/f0cdcfa1d08d48da97197c51c6e3169d/page/9-Community-Data-Analysis-?views=FEMA-County-SVI-Beta%2CHF-Regional-Dashboard-%2CHome-Fire-Reg-Dashboard--%2CRiver-Gauges-,,
Operations,Disaster Service Tech,,https://experience.arcgis.com/experience/f0cdcfa1d08d48da97197c51c6e3169d/page/10-Operations-?views=Disaster-Service-Tech-%2CFEMA-County-SVI-Beta%2CHF-Regional-Dashboard-%2CHome-Fire-Reg-Dashboard--%2CRiver-Gauges-,,
Operations,Shelter Intake,,https://experience.arcgis.com/experience/f0cdcfa1d08d48da97197c51c6e3169d/page/10-Operations-?views=FEMA-County-SVI-Beta%2CHF-Regional-Dashboard-%2CHome-Fire-Reg-Dashboard--%2CRiver-Gauges-%2CShelter-Intake-,,
Operations,Call Center,,https://experience.arcgis.com/experience/f0cdcfa1d08d48da97197c51c6e3169d/page/10-Operations-?views=Call-Center-%2CFEMA-County-SVI-Beta%2CHF-Regional-Dashboard-%2CHome-Fire-Reg-Dashboard--%2CRiver-Gauges-,,
Operations,Current Ops Report,,https://experience.arcgis.com/experience/f0cdcfa1d08d48da97197c51c6e3169d/page/10-Operations-?views=Current-OPS-%2CFEMA-County-SVI-Beta%2CHF-Regional-Dashboard-%2CHome-Fire-Reg-Dashboard--%2CRiver-Gauges-,,
HFC,SECAR HFC,,https://experience.arcgis.com/experience/f0cdcfa1d08d48da97197c51c6e3169d/page/11-HFC?views=Current-OPS-%2CFEMA-County-SVI-Beta%2CHF-Regional-Dashboard-%2CHome-Fire-Reg-Dashboard--%2CRiver-Gauges-%2CSECAR-HFC,,
HFC,DAT Response App,,https://experience.arcgis.com/experience/f0cdcfa1d08d48da97197c51c6e3169d/page/11-HFC?views=Current-OPS-%2CDAT-Response-App%2CFEMA-County-SVI-Beta%2CHF-Regional-Dashboard-%2CHome-Fire-Reg-Dashboard--%2CRiver-Gauges-,,
HFC,DAT Planning Tool,,https://experience.arcgis.com/experience/f0cdcfa1d08d48da97197c51c6e3169d/page/11-HFC?views=Current-OPS-%2CDAT-Planning-Tool%2CFEMA-County-SVI-Beta%2CHF-Regional-Dashboard-%2CHome-Fire-Reg-Dashboard--%2CRiver-Gauges-,,
Questions,Questions Comments,,https://experience.arcgis.com/experience/f0cdcfa1d08d48da97197c51c6e3169d/page/Contact-Us?views=Current-OPS-%2CDAT-Response-App%2CFEMA-County-SVI-Beta%2CHF-Regional-Dashboard-%2CHome-Fire-Reg-Dashboard--%2CRiver-Gauges-%60%60%60,,
Video,Video,,https://experience.arcgis.com/experience/f0cdcfa1d08d48da97197c51c6e3169d/page/Overview-Video,,
Menu,Menu II,,https://experience.arcgis.com/experience/f0cdcfa1d08d48da97197c51c6e3169d/page/Page-2,,
Readiness Metric,National Readiness,,https://experience.arcgis.com/experience/f0cdcfa1d08d48da97197c51c6e3169d/page/7-Readiness-%26-Metrics-?views=FY-Metric-Report-%2CNational-Readiness--,,
Readiness Metric,FY Metric Report NF,,https://experience.arcgis.com/experience/f0cdcfa1d08d48da97197c51c6e3169d/page/7-Readiness-%26-Metrics-?views=FY-Metric-Report-%2CFY-Metric-Report--%2CNF-Metric,,
Readiness Metric,FY Metric Report CF,,https://experience.arcgis.com/experience/f0cdcfa1d08d48da97197c51c6e3169d/page/7-Readiness-%26-Metrics-?views=CF-Metric%2CFY-Metric-Report-%2CFY-Metric-Report--,,
Readiness Metric,FY Metric Report SF,,https://experience.arcgis.com/experience/f0cdcfa1d08d48da97197c51c6e3169d/page/7-Readiness-%26-Metrics-?views=FY-Metric-Report-%2CFY-Metric-Report--%2CSF-Metric,,
Readiness Metric,Hurricane Planning,,https://experience.arcgis.com/experience/f0cdcfa1d08d48da97197c51c6e3169d/page/7-Readiness-%26-Metrics-?views=FY-Metric-Report-%2CHurricane-Planning--%2CSF-Metric,,
Readiness Metric,Florida Response,,https://experience.arcgis.com/experience/f0cdcfa1d08d48da97197c51c6e3169d/page/7-Readiness-%26-Metrics-?views=FY-Metric-Report-%2CFlorida-Response--%2CSF-Metric,,
Readiness Metric,LOI Commitments,,https://experience.arcgis.com/experience/f0cdcfa1d08d48da97197c51c6e3169d/page/7-Readiness-%26-Metrics-?views=FY-Metric-Report-%2CLOI-Commitments%2CSF-Metric,,